place_id,place_name,Mapin Segment,visitor_count,ID,MusteriKodu,MusteriTrackKod,SonMusteriKodu,PasifNeden,PasifNedenKod,DistSapkodu,DistPanKodu,MusteriBolge1,MusteriBolge2,MusteriBolge3,MusteriBolge4,SatisKanali,lisansNo,SatisHacmi,DiageoSatisHacmi,RutAdi,RutgrupKod,SatisTemsilcisi,StTakipKod,SatisSefi,SonGuncellenmeZamani,DDegeri,RDegeri,HDegeri,BiletEtkinlik,OrtalamaHarcamaTutari,KuverSayisi,IsbirligiDuzeyi,HerseyDahil,KisMevsimi,OtelTipi,YatakSayisi,YillikMisafir,MusteriUnvan,MusteriTabelaAdi,MusteriCesidi,VergiDairesi,VergiNumarasi,Adres,KoordinatX,KoordinatY,MusteriProfili,OTZincir,TAPDKOnayTarihi,MusteriOnSegment,WebServiceCalistirmaTarihi,AcikDonem,MapProfileScore,MapPopulationScore
131663,GARAJ RESTORAN,R2-C,1398,5496,131663,C182184,131663,TAPDK Ruhsati Yok (2023),28.0,1003053,389,Ulusal On-Trade Kanal MD.,Istanbul Heritage,Istanbul Avrupa,SARIYER,TRADITIONAL,34202088AI,S3,D4,Presell On Ist.Tra Avr Sariyer Bölgesi,2762,Samet Sahin,7377,Ümit Erdik,,,R2,,Etkinlik Yok,500-999 TL,200-399,Düsük,,,,,,GARAJ RESTAURANT VASIL KARKALEM VE ORT.,GARAJ RESTAURANT,Balik,SARIYER,5240036466.0,Yeniköy Cad. 30 Tarabya Sariyer / ISTANBUL,'41.13793098,'29.05445088,C,yok,2013-10-11,C,2025-04-25 11:27:44,,,
918371,Yüksel Balık Tarabya,R1-B,1100,5410,918371,983411,918371,,,1003053,389,Ulusal On-Trade Kanal MD.,Istanbul Heritage,Istanbul Avrupa,SARIYER,TRADITIONAL,34201463AI,S3,D4,Presell On Ist.Tra Avr Sariyer Bölgesi,2762,Samet Sahin,7377,Ümit Erdik,,,R1,,Etkinlik Yok,1.000 -1.999 TL,200-399,Yüksek,,,,,,ALIMENTO GIDA TURIZM VE OTOPARK TIC. LTD. STI.,YÜKSEL BALIK,Balik,SARIYER,530489741.0,TARABYA MAHALLESI KEFELIKÖY CADDESI NO:172 SARIYER ISTANBUL,'41.13876780,'29.05371927,AB,yok,2009-05-11,B,2025-04-25 11:18:52,YAZ - KIS,80.9413,92.7556
705721,NO15 yeniköy,D3-C,1034,5411,705721,C705721,705721,,,1003053,389,Ulusal On-Trade Kanal MD.,Istanbul Modern OT,Istanbul Avrupa,SARIYER,MODERN,3420004349AI,S2,D2,Presell On Ist.Mod Avr. Sariyer-Kagithane Bölgesi,2750,Mertcan Yalvaç,7379,Hüsamettin Özdemir,,D3,R0,H0,Etkinlik Yok,500-999 TL,100-199,Orta,,,,,,Danisman iç ve dis ticaret Ltd.sti -Yeniköy No 15,YENIKÖY  NO 15,Modern Pub & Bistro,SARIYER,2700797940.0,Yeniköy mh. Köybasi cd no 162 Sariyer/Istanbul ,'41.11738140,'29.06390960,AB,yok,2023-05-17,C,2025-04-25 11:18:56,YAZ - KIS,66.101,63.764
893825,Küfelik Bistro & Cafe -Pizza JAM,D4-B,1031,5412,893825,809773,893825,,,1003053,389,Ulusal On-Trade Kanal MD.,Istanbul Modern OT,Istanbul Avrupa,SARIYER,MODERN,34202867AI,S5,D4,Presell On Ist.Mod Avr. Sariyer-Kagithane Bölgesi,2750,Mertcan Yalvaç,7379,Hüsamettin Özdemir,,D4,,,Etkinlik Yok,500-999 TL,0-99,Düsük,,,,,,STONE MAGAZACILIK GIDA TICARET LIMITED SIRKETI-KÜFELIK,KÜFELIK,Modern Pub & Bistro,SARIYER,7810511070.0,YENIKÖY MAH.KÖYBASI CAD.NO:164/C SARIYER ISTANBUL,'41.11721125,'29.06372923,C,yok,2015-02-04,B,2025-04-25 11:19:00,YAZ - KIS,78.078,51.993
937500,Apartıman Yeniköy,D1-A,959,5413,937500,1165216,937500,,,1003053,389,Reserve Kanal Md.,Reserve Istanbul 1,Istanbul Avrupa,SARIYER,MODERN,34203420AI,S2,D2,Presell Reserve Ist. 1 Kayikçi Bölgesi,2542,Reserve Istanbul 1 Personel,7387,Reserve Istanbul 1 Saha Müdürü,,D1,R0,H0,,,,,,,,,,URB GIDA VE TUR. SAN. TIC. ANONIM SIRKETI,APARTIMAN,Diger Bistro Cafe,SARIYER,8930282584.0,,'41.11709923,'29.06396560,DE,Reserve,2017-09-14,A,2025-04-25 11:19:03,YAZ - KIS,98.62,98.49
1000026156,Takanik Balık Park,R1-B,947,5414,1000026156,C1000026156,1000026156,,,1003053,389,Ulusal On-Trade Kanal MD.,Istanbul Heritage,Istanbul Avrupa,SARIYER,TRADITIONAL,3420004130AI,S2,D4,Presell On Ist.Tra Avr Sariyer Bölgesi,2762,Samet Sahin,7377,Ümit Erdik,,,R1,,Etkinlik Yok,500-999 TL,100-199,Orta,,,,,,TONOS TURIZM GIDA INS.SAN.VE TIC.LTD.STI.,Yeniköy Balikçisi Takanik,Balik,SARIYER,8500227824.0,,'41.12178102,'29.07068292,AB,yok,2021-10-06,B,2025-04-25 11:19:07,YAZ - KIS,80.1778,92.1311
505500,Timothy's Cafe & Bistro,D3-A,940,5415,505500,177222167902,505500,,,1003053,389,Ulusal On-Trade Kanal MD.,Istanbul Modern OT,Istanbul Avrupa,SARIYER,MODERN,34201452AI,S3,D3,Presell On Ist.Mod Avr. Sariyer-Kagithane Bölgesi,2750,Mertcan Yalvaç,7379,Hüsamettin Özdemir,,D3,,,Etkinlik Yok,500-999 TL,100-199,Orta,,,,,,MTA GIDA TUR.SAN.TIC.LTD.STI.,TIMOTHYS,Modern Pub & Bistro,SARIYER,6230306845.0,KÖYBASI CD.NO:55/A YENIKÖY,'41.12239900,'29.07084900,A+,yok,2009-04-09,A,2025-04-25 11:19:12,YAZ - KIS,89.8087,64.9078
951188,Azur,R1-A,883,5416,951188,1293040,951188,,,1003053,389,Reserve Kanal Md.,Reserve Istanbul Lokal,Istanbul Avrupa,SARIYER,TRADITIONAL,34203648AI,S3,D3,Presell Reserve Istanbul Lokal Kayikçi Bölgesi,2773,Reserve Istanbul LokalPersonel,8163,Reserve Ist Lokal Saha Müdürü,,,R1,,Etkinlik Yok,2.000+ TL,200-399,Yüksek,,,,,,ATOZ YIYECEK VE IÇECEK ISLETMELERI A.S.,AZUR SEA FOOD,Balik,SARIYER,1030938543.0,,'41.12151567,'29.07010082,A+,Reserve,2018-09-04,A,2025-04-25 11:19:16,YAZ - KIS,94.0778,91.8624
959579,Alchemy Cocktail Bar - Yeniköy,D4-C,871,5497,959579,1367994,959579,TAPDK Ruhsati Yok (2023),28.0,1003053,389,Telesales Kanal Md.,Telesales OnTrade,Istanbul Avrupa,SARIYER,MODERN,34203574AI,S4,D4,Presell Kayikçi Telesell OnTrade Bölgesi,2654,Kayikçi Telesell Ontrade,7735,Telesell Sef,,D4,,,Etkinlik Yok,0-499 TL,0-99,Düsük,,,,,,HOMOSAPIYENS RESTORAN VE TICARET LIMITED SIRKETI-TEDDY BEER,Alchemy,Modern Pub & Bistro,SARIYER,4630812124.0,KÖYBASI CAD. NO:159/YENIKÖY SARIYER ISTANBUL,'41.11704324,'29.06381575,C,yok,2018-05-17,C,2025-04-25 11:27:48,,,
806278,Tiryaki Yeniköy Kebab Restaurant - Sarıyer'in En Gözde Mekanı,R2-B,862,5417,806278,117879,806278,,,1003053,389,Ulusal On-Trade Kanal MD.,Istanbul Heritage,Istanbul Avrupa,SARIYER,TRADITIONAL,34201631AI,S3,D4,Presell On Ist.Tra Avr Sariyer Bölgesi,2762,Samet Sahin,7377,Ümit Erdik,,,R2,,Etkinlik Yok,500-999 TL,200-399,Orta,,,,,,SALTIK TURISTIK ISLETMELER VE GIDA SAN.TIC.A.S.,TIRYAKI OCAKBASI,Kebap,SARIYER,7420410620.0,,'41.11812800,'29.06598500,AB,yok,2010-07-08,B,2025-04-25 11:19:25,YAZ - KIS,78.6294,79.2243
703616,Marcel Patisserie,D4-A,850,5498,703616,C703616,703616,Maddi Sorunlardan Kapanmis Nokta,14.0,1003053,389,Ulusal On-Trade Kanal MD.,Istanbul Modern OT,Istanbul Avrupa,SARIYER,MODERN,3420004167AI,S4,D4,Presell On Ist.Mod Avr. Sariyer-Kagithane Bölgesi,2750,Mertcan Yalvaç,7379,Hüsamettin Özdemir,,D4,R0,H0,,1.000 -1.999 TL,100-199,,,,,,,Atom yiyecek ve içecek ISL.A.S,MARCEL PATISSERIE,Modern Pub & Bistro,SARIYER,1030938543.0,YENIKÖY mah. Köybasi cd.  51-1 ,'41.12247270,'29.07080950,AB,yok,2022-01-13,A,2025-04-25 11:27:51,,,
705600,Fenz,D2-A,845,5499,705600,C705600,705600,Maddi Sorunlardan Kapanmis Nokta,14.0,1003053,389,Ulusal On-Trade Kanal MD.,Istanbul Modern OT,Istanbul Avrupa,SARIYER,MODERN,3420004343AI,S4,D4,Presell On Ist.Mod Avr. Sariyer-Kagithane Bölgesi,2750,Mertcan Yalvaç,7379,Hüsamettin Özdemir,,D2,,,,2.000+ TL,100-199,,,,,,,Gravis insaat petrol tarim hayvancilik sanayi ve ticaret anonim Sirketi-FENZ,FENZ,Modern Pub & Bistro,TOPÇU MEYDANI,4110972669.0,Istinye mah. Istinye caddesi. No :12/1A  ,'41.11424070,'29.05965820,AB,yok,2023-05-11,A,2025-04-25 11:27:55,,,
836870,Chef's Secret Cafe Brasseria,D4-B,825,5418,836870,351968,836870,,,1003053,389,Ulusal On-Trade Kanal MD.,Istanbul Modern OT,Istanbul Avrupa,SARIYER,MODERN,34202022AI,S4,D4,Presell On Ist.Mod Avr. Sariyer-Kagithane Bölgesi,2750,Mertcan Yalvaç,7379,Hüsamettin Özdemir,,D4,,,Etkinlik Yok,0-499 TL,100-199,Orta,,,,,,SERIM GIDA DANISMANLIK VE TURIZM HIZMETLERI LTD STI-SERIM GIDA DAN VE TURZ HIZ LTD STI,CHEFF SECRET,Modern Pub & Bistro,ZINCIRLIKUYU,7620273433.0,HAYDAR ALIYEV CAD. NO:192/A TARABYA   SARIYER ISTANBUL,'41.13918200,'29.05438300,DE,yok,2013-05-03,B,2025-04-25 11:19:36,YAZ - KIS,77.1765,53.4797
945066,Fiko Ocakbaşı,R1-A,807,5419,945066,1232409,945066,,,1003053,389,Ulusal On-Trade Kanal MD.,Istanbul Heritage,Istanbul Avrupa,SARIYER,TRADITIONAL,34203500AI,S2,D2,Presell On Ist.Tra Avr Sariyer Bölgesi,2762,Samet Sahin,7377,Ümit Erdik,,,R1,,Etkinlik Yok,2.000+ TL,200-399,Yüksek,,,,,,DUTFAZ ISLETMECILIK GIDA SAN VE TIC.LTD.STI.-FIKO OCAKBASI,FIKO OCAKBASI,Kebap,SARIYER,3200456407.0,KÖYBASI CAD.YENIKÖY MAH. NO:80/A SARIYER ISTANBUL,'41.12139495,'29.06993984,A+,yok,2018-03-08,A,2025-04-25 11:19:39,YAZ - KIS,94.3596,94.224
1000019197,BARAKA Kanatçı İstinye,R2-B,807,5420,1000019197,C1000019197,1000019197,,,1003053,389,Ulusal On-Trade Kanal MD.,Istanbul Heritage,Istanbul Avrupa,SARIYER,TRADITIONAL,3420004080AI,S3,D4,Presell On Ist.Tra Avr Sariyer Bölgesi,2762,Samet Sahin,7377,Ümit Erdik,,,R2,,Etkinlik Yok,500-999 TL,100-199,Yüksek,,,,,,KANATÇI ISTINYE,Baraka Kanat,Kebap,SARIYER,,,'41.11473331,'29.05846067,AB,yok,2021-06-29,B,2025-04-25 11:19:43,YAZ - KIS,78.1591,78.3672
1000016531,Balun,D4-C,802,5421,1000016531,C1000016531,1000016531,,,1003053,389,Telesales Kanal Md.,Telesales OnTrade,Istanbul Avrupa,SARIYER,MODERN,3420004040AI,S5,D4,Presell Kayikçi Telesell OnTrade Bölgesi,2654,Kayikçi Telesell Ontrade,7735,Telesell Sef,,D4,,,Etkinlik Yok,0-499 TL,0-99,Düsük,,,,,,PARKKALE GIDA ÜRÜNLERI SAN.TIC.LTD.STI.-BALUN,BALUN,Modern Pub & Bistro,SARIYER,7210370185.0,KÖYBASI CD. NO:78,'41.12181054,'29.07008504,AB,yok,2021-03-23,C,2025-04-25 11:19:46,YAZ - KIS,64.1734,51.9111
1000018436,Marina Lounge İstinye,D3-C,793,5422,1000018436,C1000018436,1000018436,,,1003053,389,Ulusal On-Trade Kanal MD.,Istanbul Modern OT,Istanbul Avrupa,SARIYER,MODERN,3420003967AI,S5,D4,Presell On Ist.Mod Avr. Sariyer-Kagithane Bölgesi,2750,Mertcan Yalvaç,7379,Hüsamettin Özdemir,,D3,,,Etkinlik Yok,500-999 TL,100-199,Düsük,,,,,,AYDER SOFRASI GIDA SAN.VE TIC.LTD.STI. ,MARINA LOUNGE ,Modern Pub & Bistro,SARIYER,1101101695.0,ISTINYE MAH. ISTINYE CAD.NO:28/A-B ,'41.11450711,'29.05885442,DE,yok,2020-09-29,C,2025-04-25 11:19:52,YAZ - KIS,67.7135,63.4272
1000025464,Palet Balıkçıl,R2-B,785,5423,1000025464,C1000025464,1000025464,,,1003053,389,Ulusal On-Trade Kanal MD.,Istanbul Heritage,Istanbul Avrupa,SARIYER,TRADITIONAL,3420004149AI,S3,D4,Presell On Ist.Tra Avr Sariyer Bölgesi,2762,Samet Sahin,7377,Ümit Erdik,,,R2,,Etkinlik Yok,500-999 TL,100-199,Düsük,,,,,,PALET BALIKÇIL RESTORAN ISLETMELERI TICARET LIMITED SIRKETI,PALET BALIK,Balik,SARIYER,7201070958.0,ISTINYE MH. ISTINYE CD. NO:34/A SARIYER,'41.11466769,'29.05856694,DE,yok,2021-11-16,B,2025-04-25 11:19:55,YAZ - KIS,76.8369,74.3
948493,Yeniköy Kaşıbeyaz Bosphorus,R1-A,775,5424,948493,1267550,948493,,,1003053,389,Ulusal On-Trade Kanal MD.,Istanbul Heritage,Istanbul Avrupa,SARIYER,TRADITIONAL,34203608AI,S2,D2,Presell On Ist.Tra Avr Sariyer Bölgesi,2762,Samet Sahin,7377,Ümit Erdik,,,R1,,Etkinlik Yok,2.000+ TL,400+,Yüksek,,,,,,BOSPHORUS RESTORAN ISLETMELERI SAN. VE TIC. A.S. KASIBEYAZ,KASIBEYAZ,Kebap,SARIYER,1800709166.0,,'41.12832387,'29.06697566,A+,yok,2018-06-19,A,2025-04-25 11:19:59,YAZ - KIS,95.7697,94.8585
849520,Filiz Restaurant,R2-B,755,5425,849520,C182185,849520,,,1003053,389,Ulusal On-Trade Kanal MD.,Istanbul Heritage,Istanbul Avrupa,SARIYER,TRADITIONAL,34202038AI,S3,D4,Presell On Ist.Tra Avr Sariyer Bölgesi,2762,Samet Sahin,7377,Ümit Erdik,,,R2,,Etkinlik Yok,1.000 -1.999 TL,100-199,Orta,,,,,,KÜÇÜK FILIZ RESTAURANT,FILIZ RESTAURANT,Balik,SARIYER,7800036000.0,TARABYA HAYDAR ALIYEV CAD. NO:166 SARIYER ISTANBUL,'41.13935802,'29.05550712,C,yok,2013-05-08,B,2025-04-25 11:20:03,YAZ - KIS,78.5883,76.9562
131673,Kıyı Restaurant,R1-A,732,5426,131673,C182194,131673,,,1003053,389,Reserve Kanal Md.,Reserve Istanbul Lokal,Istanbul Avrupa,SARIYER,TRADITIONAL,34202015AI,S2,D4,Presell Reserve Istanbul Lokal Kayikçi Bölgesi,2773,Reserve Istanbul LokalPersonel,8163,Reserve Ist Lokal Saha Müdürü,,D0,R1,H0,Etkinlik Yok,1.000 -1.999 TL,200-399,Yüksek,,,,,,KIYI RESTAURANT,KIYI RESTAURANT,Balik,SARIYER,5590067552.0,,'41.13925000,'29.05456300,AB,Reserve,2013-04-26,A,2025-04-25 11:20:06,YAZ - KIS,92.5145,92.0223
701699,Arnavutköy Balıkçısı Yeniköy,R1-A,730,5427,701699,C701699,701699,,,1003053,389,Ulusal On-Trade Kanal MD.,Istanbul Heritage,Istanbul Avrupa,SARIYER,TRADITIONAL,3420004274AI,S2,D3,Presell On Ist.Tra Avr Sariyer Bölgesi,2762,Samet Sahin,7377,Ümit Erdik,,,R1,,Etkinlik Yok,2.000+ TL,400+,Yüksek,,,,,,Yeniköy Arnavutköy balikçisi turizm anonim Sirketi ,Arnavutköy balikçisi Yeniköy ,Balik,SARIYER,9490788570.0,Yeniköy mh. Köybasi cd  no:125 B Sariyer/Istanbul,'41.11838688,'29.06735797,A+,yok,2022-10-31,A,2025-04-25 11:20:10,YAZ - KIS,93.0048,92.5453
509573,Hristo,R3-B,713,5428,509573,C182000,509573,,,1003053,389,Ulusal On-Trade Kanal MD.,Istanbul Heritage,Istanbul Avrupa,SARIYER,TRADITIONAL,3420004106AI,S3,D3,Presell On Ist.Tra Avr Sariyer Bölgesi,2762,Samet Sahin,7377,Ümit Erdik,,,R3,,Etkinlik Yok,500-999 TL,100-199,Orta,,,,,,BESCAN GIDA TURIZM SAN.VE TIC.LTD.STI.,HRISTO,Balik,SARIYER,1660358322.0,,'41.13937503,'29.05520508,AB,yok,2021-08-16,B,2025-04-25 11:20:14,YAZ - KIS,78.3723,65.2649
920371,Fettan Meze Ocakbaşı,D2-A,685,5429,920371,1003937,920371,,,1003053,389,Ulusal On-Trade Kanal MD.,Istanbul Modern OT,Istanbul Avrupa,SARIYER,MODERN,34203191AI,S2,D1,Presell On Ist.Mod Avr. Sariyer-Kagithane Bölgesi,2750,Mertcan Yalvaç,7379,Hüsamettin Özdemir,,D2,,,Etkinlik Var,1.000 -1.999 TL,100-199,Düsük,,,,,,DIZZY TURIZM VE TICARET LIMITED SIRKETI,VAHA,Gece Kulübü,SARIYER,3020534458.0,YENIKÖY MAH. KÖYBASI CAD. NO:88/A/1 SARIYER ISTANBUL,'41.12321300,'29.07097500,AB,yok,2016-05-05,A,2025-04-25 11:20:18,YAZ - KIS,90.0297,74.9957
1000026256,Datça Balıkçısı Yeniköy,R2-B,685,5500,1000026256,C1000026256,1000026256,TAPDK Ruhsati Yok (2023),28.0,1003053,389,Ulusal On-Trade Kanal MD.,Istanbul Heritage,Istanbul Avrupa,SARIYER,TRADITIONAL,3420004154AI,S3,D4,Presell On Ist.Tra Avr Sariyer Bölgesi,2762,Samet Sahin,7377,Ümit Erdik,,,R2,,Etkinlik Yok,500-999 TL,100-199,Orta,,,,,,ENG YATIRIM INS. SAN. VE TIC. LTD.STI,YENIKÖY DENIZ RESTAURANT,Balik,SARIYER,3350461712.0,YENIKOY MAH. VAPUR ISKELESI SOK. NO 7/A,'41.12172822,'29.07077643,AB,yok,2021-11-24,B,2025-04-25 11:27:59,,,
131650,Aleko’nun Yeri Deniz Park Restoran,R1-A,678,5430,131650,C182698,131650,,,1003053,389,Ulusal On-Trade Kanal MD.,Istanbul Heritage,Istanbul Avrupa,SARIYER,TRADITIONAL,34200715AI,S2,D4,Presell On Ist.Tra Avr Sariyer Bölgesi,2762,Samet Sahin,7377,Ümit Erdik,,,R1,,Etkinlik Yok,1.000 -1.999 TL,200-399,Yüksek,,,,,,DENIZPARK RESTAURANT MAHMUT KAYA,DENIZPARK ALEKO NUN,Balik,SARIYER,,,'41.12234496,'29.07122796,AB,yok,2004-06-01,A,2025-04-25 11:20:24,YAZ - KIS,92.1599,90.9882
939492,Però Yeniköy,D2-A,659,5431,939492,1081480,939492,,,1003053,389,Ulusal On-Trade Kanal MD.,Istanbul Modern OT,Istanbul Avrupa,SARIYER,MODERN,34203530AI,S1,D1,Presell On Ist.Mod Avr. Sariyer-Kagithane Bölgesi,2750,Mertcan Yalvaç,7379,Hüsamettin Özdemir,,D2,,,Etkinlik Yok,500-999 TL,0-99,Yüksek,,,,,,DAIRE 5 TURIZM VE TIC. A.S.,PERO,Modern Pub & Bistro,SARIYER,2670669547.0,YENIKÖY MAH. DAIRE SOK. NO:5/A SARIYER ISTANBUL,'41.12222213,'29.07113984,AB,yok,2018-04-09,A,2025-04-25 11:20:28,YAZ - KIS,90.6165,81.4822
131662,Gazebo,R1-A,613,5432,131662,C182006,131662,,,1003053,389,Ulusal On-Trade Kanal MD.,Istanbul Heritage,Istanbul Avrupa,SARIYER,TRADITIONAL,34200850AI,S3,D4,Presell On Ist.Tra Avr Sariyer Bölgesi,2762,Samet Sahin,7377,Ümit Erdik,,,R1,,Etkinlik Yok,1.000 -1.999 TL,100-199,Orta,,,,,,AS-AY GIDA SAN.VE REST.ISL.ORG.TIC.LTD.STI.,GAZEBO,Balik,SARIYER,860307764.0,Köybasi Cad. 175 Yeniköy Sariyer / ISTANBUL,'41.11821800,'29.06680500,C,yok,2005-06-03,A,2025-04-25 11:20:32,YAZ - KIS,92.199,91.2079
712961,Araka,D3-A,608,5433,712961,C712961,712961,,,1003053,389,Reserve Kanal Md.,Reserve Istanbul 1,Istanbul Avrupa,SARIYER,MODERN,3420004402AI,S5,D4,Presell Reserve Ist. 1 Kayikçi Bölgesi,2542,Reserve Istanbul 1 Personel,7387,Reserve Istanbul 1 Saha Müdürü,,D3,R0,H0,Etkinlik Var,2.000+ TL,0-99,Orta,,,,,,Araka turizm organizasyon ve danismanlik sanayi ve ticaret Limited sirketi-ARAKA,ARAKA,Fine Dining (D.Mutf-Sar.Evi),SARIYER,7290835056.0,Yeniköy mah. Kapali bakkal sok. No :8 Sariyer/Istnbul ,'41.11714110,'29.06311830,C,Reserve,2023-11-24,A,2025-04-25 11:20:35,YAZ - KIS,97.457,62.021
1000014293,Eskiyer Restaurant Yeniköy,R1-A,569,5434,1000014293,C1000014293,1000014293,,,1003053,389,Ulusal On-Trade Kanal MD.,Istanbul Heritage,Istanbul Avrupa,SARIYER,TRADITIONAL,3420003995AI,S2,D2,Presell On Ist.Tra Avr Sariyer Bölgesi,2762,Samet Sahin,7377,Ümit Erdik,,,R1,,Etkinlik Yok,2.000+ TL,200-399,Yüksek,,,,,,ESKIYER TURISTIK ISLETMELER ANONIM SIRKETI-DOSTLAR ESKIYER,DOSTLAR ESKIYER,Balik,SARIYER,3801093621.0,YENIKÖY MAH.KÖYBASI CD. NO:58,'41.12437923,'29.07050349,A+,yok,2020-11-13,A,2025-04-25 11:20:38,YAZ - KIS,93.793,92.9895
310727,Sait Halim Pasha Mansion,D1-A,538,5435,310727,C162831,310727,,,1003053,389,Ulusal On-Trade Kanal MD.,Istanbul Modern OT,Istanbul Avrupa,SARIYER,MODERN,34201303AI,S3,D2,Presell On Ist.Mod Avr. Sariyer-Kagithane Bölgesi,2750,Mertcan Yalvaç,7379,Hüsamettin Özdemir,,D1,R0,H0,Etkinlik Var,1.000 -1.999 TL,200-399,Yüksek,,,,,,YENIKÖY TURIZM ISLET.VE YATIRIM A.S,SAIT HALIM PASA YAL,Tekne-Event Hall-Catering,SARIYER,3960261862.0,KÖYBASI CD.NO:117 YENIKÖY MH-SARIYER,'41.12054000,'29.06979200,AB,yok,2008-02-07,A,2025-04-25 11:20:42,YAZ - KIS,90.7473,92.2046
942476,Therapia Boğaz Balık,R1-A,521,5436,942476,264698,942476,,,1003053,389,Ulusal On-Trade Kanal MD.,Istanbul Heritage,Istanbul Avrupa,SARIYER,TRADITIONAL,34203474AI,S1,D3,Presell On Ist.Tra Avr Sariyer Bölgesi,2762,Samet Sahin,7377,Ümit Erdik,,,R1,,Etkinlik Yok,1.000 -1.999 TL,200-399,Orta,,,,,,TERAPI BOGAZ RESTORAN ISLETMECILIK HIZMETLERI ANONIM SIRKETI,THERAPIA BALIK,Balik,SARIYER,8390562508.0,TARABYA MAHALLESI HAYDAR ALIYEV CAD. 96/B SARIYER ISTANBUL,'41.14721300,'29.05098100,AB,yok,2018-01-26,A,2025-04-25 11:20:46,YAZ - KIS,93.0035,94.4829
965271,Yeniköy eski âdet,R3-B,520,5437,965271,1421287,965271,,,1003053,389,Ulusal On-Trade Kanal MD.,Istanbul Modern OT,Istanbul Avrupa,SARIYER,MODERN,34203838AI,S5,D4,Presell On Ist.Mod Avr. Sariyer-Kagithane Bölgesi,2750,Mertcan Yalvaç,7379,Hüsamettin Özdemir,,D3,R0,H0,Etkinlik Yok,1.000 -1.999 TL,100-199,Orta,,,,,,KAOS TURIZM GIDA ISLETMECILIGI PAZARLAMA SAN. TIC.A.S. YENIKÖY ESKI ADET,YENIKÖY ESKI ADET,Fine Dining (D.Mutf-Sar.Evi),SARIYER,4970877926.0,YENIKÖY MAH. KAPALI BAKKAL SOK. NO:3 SARIYER ISTANBUL,'41.11707114,'29.06289841,DE,yok,2019-09-23,B,2025-04-25 11:20:50,YAZ - KIS,78.51,63.63
712119,Nü Kireçburnu Restaurant,R2-B,514,5501,712119,C712119,712119,Maddi Sorunlardan Kapanmis Nokta,14.0,1003053,389,Ulusal On-Trade Kanal MD.,Istanbul Heritage,Istanbul Avrupa,SARIYER,TRADITIONAL,3420004201AI,S2,D2,Presell On Ist.Tra Avr Sariyer Bölgesi,2762,Samet Sahin,7377,Ümit Erdik,,D0,R2,H0,Etkinlik Yok,1.000 -1.999 TL,200-399,Orta,,,,,,Bogaz merit restoran sanayi ticaret Limited sirketi-NU KIREÇBURNU ,NU KIREÇBURNU ,Kebap,SARIYER,1791288747.0,Tarabya mah. Haydar aliyev caddesi. No:98 iç kapino 1 Sariyer/Istanbul ,'41.14695660,'29.05188000,AB,yok,2022-04-07,B,2025-04-25 11:28:03,,,
910491,Meshur Kirecburnu Midye ve Balik Evi,R5-C,501,5438,910491,960604,910491,,,1003053,389,Telesales Kanal Md.,Telesales OnTrade,Istanbul Avrupa,SARIYER,TRADITIONAL,34201849AI,S4,D4,Presell Kayikçi Telesell OnTrade Bölgesi,2654,Kayikçi Telesell Ontrade,7735,Telesell Sef,,,R5,,Etkinlik Yok,0-499 TL,0-99,Düsük,,,,,,KIREÇBURNU MIDYE BALIK EVI,MIDYE BALIK EVI,Balik,SARIYER,,Kireçburnu Mah. Haydar Aliyev Cad. No:23  SARIYER ISTANBUL,'41.14859382,'29.04524278,DE,yok,2012-04-20,C,2025-04-25 11:20:57,YAZ - KIS,63.7244,45.722
1000026197,Elaşina Restaurant,R4-C,471,5439,1000026197,C1000026197,1000026197,,,1003053,389,Telesales Kanal Md.,Telesales OnTrade,Istanbul Avrupa,SARIYER,TRADITIONAL,3420004174AI,S3,D4,Presell Kayikçi Telesell OnTrade Bölgesi,2654,Kayikçi Telesell Ontrade,7735,Telesell Sef,,,R4,,Etkinlik Yok,0-499 TL,100-199,Düsük,,,,,,VICE GIDA VE INSAAT TICARET LIMITED SIRKETI-ELASINA,ELASINA,Balik,SARIYER,9250977276.0,KEFELIKÖY BAGLAR SOKAK NO:3,'41.15338604,'29.03754869,AB,yok,2022-01-20,C,2025-04-25 11:21:01,YAZ - KIS,64.5892,52.3711
936836,Melisa Balik,R3-B,470,5440,936836,C183328,936836,,,1003053,389,Ulusal On-Trade Kanal MD.,Istanbul Heritage,Istanbul Avrupa,SARIYER,TRADITIONAL,34203412AI,S3,D4,Presell On Ist.Tra Avr Sariyer Bölgesi,2762,Samet Sahin,7377,Ümit Erdik,,D0,R3,H0,Etkinlik Yok,500-999 TL,100-199,Orta,,,,,,MELISA RESTAURANT,MELISA RESTAURANT,Balik,SARIYER,,KIREÇBURNU MAH. KIREÇBURNU CAD. NO:19 SARIYER ISTANBUL,'41.14723401,'29.05083900,AB,yok,2013-04-29,B,2025-04-25 11:21:04,YAZ - KIS,79.0616,65.946
893214,Tarihi Ali Baba Balık Lokantası,R1-B,461,5441,893214,803383,893214,,,1003053,389,Ulusal On-Trade Kanal MD.,Istanbul Heritage,Istanbul Avrupa,SARIYER,TRADITIONAL,34203166AI,S2,D4,Presell On Ist.Tra Avr Sariyer Bölgesi,2762,Samet Sahin,7377,Ümit Erdik,,,R1,,Etkinlik Yok,500-999 TL,200-399,Orta,,,,,,EMOGROUP INSAAT TURIZM TIC.A.S.-TARIHI ALIBAB BALIK LOKANTASI,TARIHI ALI BABA,Balik,SARIYER,3340538937.0,KIREÇBURNU MAHALLESI HAYDAR ALIYEV CAD.NO:7/1 SARIYER ISTANBUL,'41.14834085,'29.04596061,AB,yok,2016-04-08,B,2025-04-25 11:21:07,YAZ - KIS,78.0324,90.6752
877614,Façyo Balık,R2-B,425,5442,877614,C163625,877614,,,1003053,389,Ulusal On-Trade Kanal MD.,Istanbul Heritage,Istanbul Avrupa,SARIYER,TRADITIONAL,34202046AI,S3,D4,Presell On Ist.Tra Avr Sariyer Bölgesi,2762,Samet Sahin,7377,Ümit Erdik,,D0,R2,H0,Etkinlik Yok,500-999 TL,200-399,Düsük,,,,,,FAÇYO BALIK TURZ.VE TIC LTD.STI,FAÇYO RESTAURANT,Balik,SARIYER,8930219748.0,HAYDAR ALIYEV CD.NO:13A-15A TARABYA SARIYER ISTANBUL,'41.14698459,'29.05153859,AB,yok,2013-05-21,B,2025-04-25 11:21:11,YAZ - KIS,78.7211,76.2916
131667,Set Balık Restoran,R2-B,405,5443,131667,C182188,131667,,,1003053,389,Ulusal On-Trade Kanal MD.,Istanbul Heritage,Istanbul Avrupa,SARIYER,TRADITIONAL,34200932AI,S1,D3,Presell On Ist.Tra Avr Sariyer Bölgesi,2762,Samet Sahin,7377,Ümit Erdik,,D0,R2,H0,Etkinlik Yok,1.000 -1.999 TL,200-399,Yüksek,,,,,,ISERI TURZ.TAN.ORG.GIDA VE DAN.SAN.VE TIC.LTD.STI,SET BALIK,Balik,SARIYER,4820490940.0,KIREÇBURNU MAH. MISIR CAD. NO:8 SARIYER ISTANBUL,'41.14796007,'29.04690599,AB,yok,2003-01-16,B,2025-04-25 11:21:14,YAZ - KIS,79.6745,78.138
900008,Kireçburnu Balıkçısı,R1-A,379,5444,900008,877615,900008,,,1003053,389,Ulusal On-Trade Kanal MD.,Istanbul Heritage,Istanbul Avrupa,SARIYER,TRADITIONAL,34203209AI,S2,D4,Presell On Ist.Tra Avr Sariyer Bölgesi,2762,Samet Sahin,7377,Ümit Erdik,,,R1,,Etkinlik Yok,500-999 TL,200-399,Düsük,,,,,,YMS RESTAURANT TURIZM GIDA VE SANAYI TICARET LIMITED SIRKETI - KIREÇBURNU BALIKÇISI,KIRECBURNU BALIKCIS,Balik,SARIYER,9810650355.0,KIRECBURNU MAH KEFELIKOY (HAYDAR ALIYEV) CD  NO:27/44 SARIYER ISTANBUL,'41.14898600,'29.04483700,AB,yok,2016-06-01,A,2025-04-25 11:21:18,YAZ - KIS,92.7618,92.0112
806896,Egeli Meyhane,R3-B,374,5445,806896,123369,806896,,,1003053,389,Ulusal On-Trade Kanal MD.,Istanbul Heritage,Istanbul Avrupa,SARIYER,TRADITIONAL,34201645AI,S3,D4,Presell On Ist.Tra Avr Sariyer Bölgesi,2762,Samet Sahin,7377,Ümit Erdik,,D0,R3,H0,Etkinlik Var,500-999 TL,100-199,Düsük,,,,,,EGELI RESTAURANT YIGIT USLU,EGELI RESTAURANT,Yeni Nesil Meyhane,SARIYER,8950254588.0,HAYDAR ALIYEV CAD. KIREÇBURNU MAH. NO:60/B SARIYER ISTANBUL,'41.14792800,'29.04636700,C,yok,2010-08-11,B,2025-04-25 11:21:21,YAZ - KIS,77.3831,65.6617
131551,Meydan Pub Restaurant,R3-C,353,5446,131551,C181338,131551,,,1003053,389,Ulusal On-Trade Kanal MD.,Istanbul Heritage,Istanbul Avrupa,SARIYER,TRADITIONAL,34201044AI,S2,D4,Presell On Ist.Tra Avr Sariyer Bölgesi,2762,Samet Sahin,7377,Ümit Erdik,,D0,R3,H0,Etkinlik Yok,500-999 TL,0-99,Orta,,,,,,FUAT AKDEMIR-MEYDAN PUB,MEYDAN PUB,Geleneksel Meyhane,SARIYER,210219608.0,Yenimahalle Cad. 6/2 Sariyer / ISTANBUL,'41.16794088,'29.05691642,DE,yok,2006-05-29,C,2025-04-25 11:21:25,YAZ - KIS,65.4777,63.9599
1000021646,Mer Balık Kireçburnu,R1-B,339,5447,1000021646,C182192,1000021646,,,1003053,389,Ulusal On-Trade Kanal MD.,Istanbul Heritage,Istanbul Avrupa,SARIYER,TRADITIONAL,3420004122AI,S1,D4,Presell On Ist.Tra Avr Sariyer Bölgesi,2762,Samet Sahin,7377,Ümit Erdik,,,R1,,Etkinlik Yok,500-999 TL,200-399,Yüksek,,,,,,EÇ BALIK REST. TUR. GIDA SAN. VE TIC. LTD. STI.,MER BALIK,Balik,SARIYER,3240942491.0,KIREÇBURNU MAH. HAYDAR ALIYEV CAD. NO:32,'41.15275696,'29.04049000,A+,yok,2021-09-22,B,2025-04-25 11:21:29,YAZ - KIS,78.771,92.1354
895393,Emirgan Fincan,D4-C,330,5448,895393,826913,895393,,,1003053,389,Telesales Kanal Md.,Telesales OnTrade,Istanbul Avrupa,SARIYER,MODERN,34203006AI,S5,D4,Presell Kayikçi Telesell OnTrade Bölgesi,2654,Kayikçi Telesell Ontrade,7735,Telesell Sef,,D4,,,Etkinlik Yok,0-499 TL,0-99,Düsük,,,,,,PIYADE GIDA VE TURIZM ISLETMELERI LTD. STI.,FINCAN CAFE EMIRGAN,Modern Pub & Bistro,SARIYER,7300203873.0,EMIRGAN MAH.SAKIP SABANCI CAD.81-1  SARIYER ISTANBUL,'41.10063399,'29.05470792,DE,yok,2015-05-11,C,2025-04-25 11:21:32,YAZ - KIS,64.4451,53.7255
962317,Selamlique Bebek,D5-C,328,5449,962317,1395739,962317,,,1003053,389,Telesales Kanal Md.,Telesales OnTrade,Istanbul Avrupa,BESIKTAS,MODERN,34063953AI,S5,D4,Presell Kayikçi Telesell OnTrade Bölgesi,2654,Kayikçi Telesell Ontrade,7735,Telesell Sef,,D5,,,Etkinlik Yok,0-499 TL,0-99,Düsük,,,,,,SELAMLIQUE,HAREMLIK,Modern Pub & Bistro,BEYKOZ,4570521207.0,BEBEK CEVDETPASA CAD. NO:46 BESIKTAS ISTANBUL  BESIKTAS ISTANBUL,'41.07825936,'29.04469114,DE,yok,2019-05-09,C,2025-04-25 11:21:36,YAZ - KIS,64.8606,44.8064
928957,Gizli Kalsın,D2-A,326,5450,928957,1080268,928957,,,1003053,389,Ulusal On-Trade Kanal MD.,Istanbul Modern OT,Istanbul Avrupa,SARIYER,MODERN,34202714AI,S3,D3,Presell On Ist.Mod Avr. Sariyer-Kagithane Bölgesi,2750,Mertcan Yalvaç,7379,Hüsamettin Özdemir,,D2,R0,H0,Etkinlik Yok,1.000 -1.999 TL,100-199,Orta,,,,,,GIZLI KALSIN TURIZM ISLETMECILIGI LTD.STI.-PIZZA EMIRGAN,GIZLI KALSIN,Gece Kulübü,SARIYER,3960676995.0,EMIRGAN SAKIP SABANCI CAD. NO:14/B SARIYER ISTANBUL,'41.10983243,'29.05846506,AB,yok,2014-06-25,A,2025-04-25 11:21:39,YAZ - KIS,90.4935,73.8989
719182,Bebek Meyhanesi,D2-B,325,5451,719182,C719182,719182,,,1003053,389,Ulusal On-Trade Kanal MD.,Istanbul Modern OT,Istanbul Avrupa,BESIKTAS,MODERN,34063795AI,S3,D4,Presell On Ist.Mod Avr. Besiktas Bogaz Bölgesi,2752,Eda Efe,8148,Selim Inal,,D2,R0,H0,Etkinlik Yok,1.000 -1.999 TL,200-399,Düsük,,,,,,Keyif Turizm Otomotiv ve Gida Sanayi Ticaret Limited Sirketi,DIRTY,Modern Pub & Bistro,BESIKTAS,5480434753.0,Bebek mah. Cevdetpasa cad. No:56,'41.07854360,'29.04511700,AB,yok,2018-05-29,B,2025-04-25 11:21:43,YAZ - KIS,81.919,73.958
452793,Mangerie,D3-B,310,5452,452793,84765146834,452793,,,1003053,389,Ulusal On-Trade Kanal MD.,Istanbul Modern OT,Istanbul Avrupa,BESIKTAS,MODERN,34060866AI,S3,D3,Presell On Ist.Mod Avr. Besiktas Bogaz Bölgesi,2752,Eda Efe,8148,Selim Inal,,D3,,,Etkinlik Yok,500-999 TL,0-99,Yüksek,,,,,,ELIF YALIN YIYECEK VE IÇECEK HIZ.TIC.LTD.STI,MANGERIE,Modern Pub & Bistro,BESIKTAS,3320305459.0,CEVDET PASA CAD.BERRIN AP.NO:69/3 KÜÇÜKBEBEK-BESIKTAS/ISTANBUL,'41.07851800,'29.04466600,AB,yok,2005-03-21,B,2025-04-25 11:21:46,YAZ - KIS,81.3528,67.3844
960284,Paella,R1-A,290,5502,960284,1375428,960284,TAPDK Ruhsati Yok (2023),28.0,1003053,389,Ulusal On-Trade Kanal MD.,Istanbul Heritage,Istanbul Avrupa,SARIYER,TRADITIONAL,34203717AI,S3,D4,Presell On Ist.Tra Avr Sariyer Bölgesi,2762,Samet Sahin,7377,Ümit Erdik,,,R1,,Etkinlik Yok,1.000 -1.999 TL,200-399,Orta,,,,,,MER BALIK REST. TUR. INS.GIDA VE SAN. TIC. LTD.STI.,PAELLA,Balik,SARIYER,6160205263.0,KIREÇBURNU MAH. HAYDAR ALIYEV CAD. NO:23/1 SARIYER ISTANBUL,'41.14797249,'29.04944009,AB,yok,2019-02-21,A,2025-04-25 11:28:06,,,
703097,La Boom,D2-A,282,5453,703097,C703097,703097,,,1003053,389,Ulusal On-Trade Kanal MD.,Istanbul Modern OT,Istanbul Avrupa,SARIYER,MODERN,34202674AI,S3,D3,Presell On Ist.Mod Avr. Sariyer-Kagithane Bölgesi,2750,Mertcan Yalvaç,7379,Hüsamettin Özdemir,,D2,R0,H0,Etkinlik Yok,500-999 TL,200-399,Düsük,,,,,,NEBU TURIZM ISLETMECILIGI LTD. STI. ,La boom,Modern Pub & Bistro,SARIYER,6300414826.0,Emirgan mah. sakip sabanci cad. No :14/A sariyer/st,'41.10964690,'29.05887760,AB,yok,2014-04-11,A,2025-04-25 11:21:53,YAZ - KIS,90.843,76.393
956748,Bebek Hotel,H1,280,5454,956748,C180363,956748,,,1003053,389,Reserve Kanal Md.,Reserve Istanbul 2,Istanbul Avrupa,BESIKTAS,HOTEL,34063915AI,S1,D1,Presell Reserve Ist. 2 Kayikçi Bölgesi,2774,Reserve Istanbul 2 Personel,8159,Reserve Istanbul 2 Saha Müdürü,,,,H1,,,,,,,,,,DEPOT KONAKLMA HIZMETLERI ANONIM SIRKETI,BEBEK OTEL,Ultra Lüks Sehir Otelleri,BEYOGLU,2920641341.0,,'41.07805879,'29.04450766,A+,Reserve,2019-02-28,,2025-04-25 11:22:01,YAZ - KIS,,
131178,Bebek Balıkçı,R1-B,280,5455,131178,C180202,131178,,,1003053,389,Reserve Kanal Md.,Reserve Istanbul Lokal,Istanbul Avrupa,BESIKTAS,TRADITIONAL,34060780AI,S3,D3,Presell Reserve Istanbul Lokal Kayikçi Bölgesi,2773,Reserve Istanbul LokalPersonel,8163,Reserve Ist Lokal Saha Müdürü,,,R1,,Etkinlik Yok,1.000 -1.999 TL,100-199,Orta,,,,,,DEMIRCILER YENI BEBEK RESTAURANT ISLT.VE GIDA SAN.LTD.STI.,BEBEK BALIKÇI,Balik,BESIKTAS,2830000941.0,,'41.07749004,'29.04384816,A+,Reserve,2004-09-20,B,2025-04-25 11:22:04,YAZ - KIS,81.497,91.1982
1000026911,Bebek Bar,D4-B,277,5456,1000026911,C1000026911,1000026911,,,1003053,389,Ulusal On-Trade Kanal MD.,Istanbul Modern OT,Istanbul Avrupa,BESIKTAS,MODERN,3406004300AI,S5,D4,Presell On Ist.Mod Avr. Besiktas Bogaz Bölgesi,2752,Eda Efe,8148,Selim Inal,,D4,R0,H0,Etkinlik Yok,500-999 TL,100-199,Orta,,,,,,GÜNSU TURISTIK TESIS ISL. SAN.TIC. A.S.,BEBEK BAR,Modern Pub & Bistro,BOGAZIÇI KUR.,4380034678.0,BEBEK MAH. CEVDETPASA CAD. NO:52,'41.07838975,'29.04494839,AB,yok,2022-01-31,B,2025-04-25 11:22:08,YAZ - KIS,74.9621,51.8379
847119,Divan Pastanesi Bebek,D1-A,276,5457,847119,C164024,847119,,,1003053,389,Ulusal On-Trade Kanal MD.,Hospitality,Istanbul Avrupa,BESIKTAS,MODERN,34061390AI,S3,D3,Presell On Hospitality Avrupa1 Kayikçi Bölgesi,2535,Hospitality Yedek,8013,Mehmet Emir Kalkir,,D1,,,Etkinlik Yok,500-999 TL,400+,Yüksek,,,,,,DIVAN TURIZM ISLETMELERI A.S.,DIVAN BEBEK BRASSER,Modern Pub & Bistro,BÜYÜKMÜKELLEFLER,7200416873.0,BEBEK MAH. CEVDET PASA CAD. NO:287A BESIKTAS ISTANBUL,'41.07757300,'29.04395500,A+,Divan,2007-08-09,A,2025-04-25 11:22:11,YAZ - KIS,94.0941,93.0826
861685,Lucca,D1-A,275,5458,861685,C159562,861685,,,1003053,389,Reserve Kanal Md.,Reserve Istanbul 1,Istanbul Avrupa,BESIKTAS,MODERN,34060814AI,S1,D1,Presell Reserve Ist. 1 Kayikçi Bölgesi,2542,Reserve Istanbul 1 Personel,7387,Reserve Istanbul 1 Saha Müdürü,,D1,,,,,,,,,,,,MIRAP TURIZM GIDA ISL. VE TIC.A.S.,LUCCA,Club Bar - Yemekli,BESIKTAS,6210479766.0,BEBEK MAH. CEVDETPASA CAD. NO:51/B BESIKTAS ISTANBUL,'41.07734901,'29.04325308,A+,Reserve,2004-11-30,A,2025-04-25 11:22:14,YAZ - KIS,99.14,99.72
859926,Sarıyer Subay Askeri Gazino Müdürlüğü,R3-C,269,5459,859926,C181337,859926,,,1003053,389,Ulusal On-Trade Kanal MD.,Istanbul Heritage,Istanbul Avrupa,SARIYER,TRADITIONAL,34203529AI,S3,D4,Presell On Ist.Tra Avr Sariyer Bölgesi,2762,Samet Sahin,7377,Ümit Erdik,,D0,R3,H0,Etkinlik Yok,0-499 TL,200-399,Düsük,,,,,,SUBAY GAZINOSU,SUBAY GAZINOSU,Askeri Birlik-Sosyal Tesis,,6010461326.0,SUBAY GAZINOSU SARIYER ISTANBUL,'41.16620500,'29.05689000,DE,yok,2018-04-06,C,2025-04-25 11:22:18,YAZ - KIS,64.8281,65.3939
253134,Angel Blue,D3-B,255,5460,253134,C159074,253134,,,1003053,389,Ulusal On-Trade Kanal MD.,Istanbul Heritage,Istanbul Avrupa,SARIYER,TRADITIONAL,34201175AI,S5,D5,Presell On Ist.Tra Avr Sariyer Bölgesi,2762,Samet Sahin,7377,Ümit Erdik,,D4,R3,H0,Etkinlik Yok,500-999 TL,100-199,Orta,,,,,,ANGEL RESTAURANT OTEL VE YAT.ISL.TUR.TIC.A.S.,ANGEL BLUE,Balik,ÜSKÜDAR,680114501.0,RUMELI HISARI BALTALIMANI CD.NO:82 SARIYER-ISTANBUL,'41.09863200,'29.05337600,DE,yok,2007-05-17,B,2025-04-25 11:22:21,YAZ - KIS,77.53,66.75
949343,Halas 71,D4-C,248,5461,949343,1276245,949343,,,1003053,389,Telesales Kanal Md.,Telesales OnTrade,Istanbul Avrupa,SARIYER,MODERN,34284518AI,S4,D3,Presell Kayikçi Telesell OnTrade Bölgesi,2654,Kayikçi Telesell Ontrade,7735,Telesell Sef,,D4,,,Etkinlik Yok,0-499 TL,100-199,Orta,,,,,,ILTUR GEMICILIK VE YAT ISLETMELERI. SAN. TIC. A.S.,HALAS GEMISI,Tekne-Event Hall-Catering,GÖZTEPE,4730332973.0,ZEKERIYAKÖY MAHALLESI 5.CADDE NO:7/5 KADIKOY ISTANBUL,'40.97774200,'29.03941600,DE,yok,2007-04-18,C,2025-04-25 11:22:25,YAZ - KIS,,
672213,Osmani,R4-B,246,5462,672213,454281175143,672213,,,1003053,389,Ulusal On-Trade Kanal MD.,Istanbul Heritage,Istanbul Avrupa,SARIYER,TRADITIONAL,34201393AI,S5,D4,Presell On Ist.Tra Avr Sariyer Bölgesi,2762,Samet Sahin,7377,Ümit Erdik,,D0,R4,H0,Etkinlik Yok,500-999 TL,0-99,Orta,,,,,,YEDIRENK TURIZM REKLAM INS.,OSMANI,Kebap,SARIYER,9460223971.0,PINAR MAH.ISTINYE BAYIRI CD.ENKA OLUKKARI KARSISI ABC YOLU NO/P009 SARIYER/IST,'41.11090695,'29.03457270,AB,yok,2008-09-23,B,2025-04-25 11:22:28,YAZ - KIS,74.2242,52.0515
463298,Rumelihisarı İskele Restaurant,R2-B,232,5463,463298,C182914,463298,,,1003053,389,Ulusal On-Trade Kanal MD.,Istanbul Heritage,Istanbul Avrupa,SARIYER,TRADITIONAL,34200815AI,S2,D3,Presell On Ist.Tra Avr Etiler Bölgesi,2763,Volkan Çinar,7383,Ümit Erdik,,D0,R2,H0,Etkinlik Yok,1.000 -1.999 TL,100-199,Yüksek,,,,,,ISKELE RESTAURANT-TURAN PEKGÖZ VE ORTAKLARI,ISKELE RESTAURANT,Balik,SARIYER,7260258105.0,,'41.08812399,'29.05682400,A+,yok,2005-03-31,B,2025-04-25 11:22:32,YAZ - KIS,78.4135,79.6314
1000022901,Risala Bebek,D4-B,231,5464,1000022901,C1000022901,1000022901,,,1003053,389,Ulusal On-Trade Kanal MD.,Istanbul Modern OT,Istanbul Avrupa,BESIKTAS,MODERN,3406004275AI,S5,D4,Presell On Ist.Mod Avr. Besiktas Bogaz Bölgesi,2752,Eda Efe,8148,Selim Inal,,D4,,,Etkinlik Yok,500-999 TL,0-99,Düsük,,,,,,RISALA GIDA REST. EGLENCE HIZ. LTD. STI.,BLACK EAGLE,Kokteyl Bar,BESIKTAS,7351476185.0,BEBEK BEBEK HAMAMI SOK. NO:2/1,'41.07731859,'29.04298330,AB,yok,2021-10-25,B,2025-04-25 11:22:35,YAZ - KIS,78.0475,50.1948
1000014295,Aşina Bebek,D3-B,231,5465,1000014295,C1000014295,1000014295,,,1003053,389,Ulusal On-Trade Kanal MD.,Istanbul Heritage,Istanbul Avrupa,BESIKTAS,TRADITIONAL,3406004349AI,S5,D4,Presell On Ist.Tra Avr Etiler Bölgesi,2763,Volkan Çinar,7383,Ümit Erdik,,D0,R3,H0,Etkinlik Yok,1.000 -1.999 TL,100-199,Düsük,,,,,,KEMAL YILDIRIM,21 OCAKBASI,Kebap,BESIKTAS,,BEBEK MAH. MANOLYA SOK NO1,'41.07737500,'29.04273900,AB,yok,2022-05-12,B,2025-04-25 11:22:39,YAZ - KIS,78.3,63.52
895991,Kiss The Frog,R3-A,227,5466,895991,349369,895991,,,1003053,389,Ulusal On-Trade Kanal MD.,Istanbul Heritage,Istanbul Avrupa,SARIYER,TRADITIONAL,34203016AI,S3,D3,Presell On Ist.Tra Avr Etiler Bölgesi,2763,Volkan Çinar,7383,Ümit Erdik,,D0,R3,H0,Etkinlik Yok,1.000 -1.999 TL,100-199,Orta,,,,,,DÖRT F GIDA IÇ VE DIS TIC.AS-KISS THE FROG,KARKAS ET KEBAP,Kebap,SARIYER,3130605970.0,RUMELI HISARI MAH.YAHYA KEMAL CAD.NO.4 SARIYER ISTANBUL,'41.08827400,'29.05660500,A+,yok,2015-05-21,A,2025-04-25 11:22:42,YAZ - KIS,92.4982,65.4193
948351,marina türkü evi,R4-C,215,5503,948351,1266184,948351,TAPDK Ruhsati Yok (2023),28.0,1003053,389,Telesales Kanal Md.,Telesales OnTrade,Istanbul Avrupa,SARIYER,TRADITIONAL,34201678AI,S5,D4,Presell Kayikçi Telesell OnTrade Bölgesi,2654,Kayikçi Telesell Ontrade,7735,Telesell Sef,,,R4,,Etkinlik Yok,500-999 TL,0-99,Düsük,,,,,,KÖY IÇKILI LOKANTA,Sahne Marina Restaurant,Askeri Birlik-Sosyal Tesis,SARIYER,,ISTINYE MAHALLESI DERE SOK. NO:9 SARIYER ISTANBUL,'41.11435955,'29.05372665,DE,yok,2011-01-07,C,2025-04-25 11:28:13,,,
877685,KÖRFEZ RESTAURANT,R4-C,207,5467,877685,667784,877685,,,1003053,389,Telesales Kanal Md.,Telesales OnTrade,Istanbul Avrupa,SARIYER,TRADITIONAL,34202540AI,S3,D4,Presell Kayikçi Telesell OnTrade Bölgesi,2654,Kayikçi Telesell Ontrade,7735,Telesell Sef,,,R4,,Etkinlik Yok,500-999 TL,100-199,Orta,,,,,,KÖRFEZ RESTAURANT ALI KABIL,KÖRFEZ RESTAURANT,Geleneksel Meyhane,,,ISTINYE MAH.DERE SK.NO:20/A         SARIYER ISTANBUL,'41.11413200,'29.05332900,C,yok,2014-03-26,C,2025-04-25 11:22:49,YAZ - KIS,64.136,50.7762
949645,Hilton Istanbul Maslak,H1,204,5468,949645,1278866,949645,,,1003053,389,Ulusal On-Trade Kanal MD.,Hospitality,Istanbul Avrupa,SARIYER,HOTEL,34203624AI,S3,D3,Presell On Hospitality Avrupa1 Kayikçi Bölgesi,2535,Hospitality Yedek,8013,Mehmet Emir Kalkir,,D0,R0,H1,,2.000+ TL,,Yüksek,Hayir,Evet,5 / 5+,,10K-50K,SUMMA TURUZM. YARATIMCILIGI A.S.,HILTON ISTANBUL MAS,"Banket, Event, Etkinlik Oteli",KAVAKLIDERE,7820053504.0,MASLAK MAH. BÜYÜKDERE CAD. SARIYER ISTANBUL,'41.10891468,'29.02302571,A+,yok,2018-07-18,,2025-04-25 11:22:53,YAZ - KIS,,
808623,HABİTAT MEYHANESİ,D4-C,202,5469,808623,140269,808623,,,1003053,389,Telesales Kanal Md.,Telesales OnTrade,Istanbul Avrupa,SARIYER,MODERN,34201551AI,S3,D4,Presell Kayikçi Telesell OnTrade Bölgesi,2654,Kayikçi Telesell Ontrade,7735,Telesell Sef,,D4,R0,H0,Etkinlik Yok,500-999 TL,0-99,Düsük,,,,,,EFES PINARI MEYHANESI,HABITAT,Modern Pub & Bistro,SARIYER,1975123948.0,ISTINYE DERE SK. NO:12 SARIYER ISTANBUL,'41.11405902,'29.05335612,C,yok,2010-01-20,C,2025-04-25 11:22:57,YAZ - KIS,64.9525,54.3941
1000011166,"Six Senses Kocataş Mansions, İstanbul",H1,199,5504,1000011166,C1000011166,1000011166,TAPDK Ruhsati Yok (2023),28.0,1003053,389,Ulusal On-Trade Kanal MD.,Hospitality,Istanbul Avrupa,SARIYER,HOTEL,34203921AI,S3,D2,Presell On Hospitality Avrupa1 Kayikçi Bölgesi,2535,Hospitality Yedek,8013,Mehmet Emir Kalkir,,,,H1,,500-999 TL,,Yüksek,Hayir,Evet,5 / 5+,,10K-50K,ALEM GAYRIMENKUL YATIRIM VE TURZ. AS.,SIX SENSES HOTEL,Business,SARIYER,510215505.0,MERKEZ MH. MESERBURNU CD. NO:5 ,'41.16532474,'29.05348814,AB,yok,2020-05-22,,2025-04-25 11:28:17,,,
709760,MiniBar Istanbul,D3-B,197,5470,709760,C709760,709760,,,1003053,389,Ulusal On-Trade Kanal MD.,Istanbul Modern OT,Istanbul Avrupa,BESIKTAS,MODERN,3406004455AI,S1,D1,Presell On Ist.Mod Avr. Besiktas Merkez Bölgesi,2756,Beste Tunçay,7412,Selim Inal,,D3,,H0,Etkinlik Yok,1.000 -1.999 TL,0-99,Yüksek,,,,,,MINIBAR GIDA SAN. TIC. LTD. STI.,MINIBAR,Kokteyl Bar,BESIKTAS,6211105968.0,,'41.06021560,'29.03654090,A+,yok,2023-07-21,B,2025-04-25 11:23:04,YAZ - KIS,78.9037,65.1903
958591,Arada Meyhane& Bebek Kasap,R3-C,194,5471,958591,1013672,958591,,,1003053,389,Ulusal On-Trade Kanal MD.,Istanbul Heritage,Istanbul Avrupa,BESIKTAS,TRADITIONAL,34063939AI,S2,D2,Presell On Ist.Tra Avr Etiler Bölgesi,2763,Volkan Çinar,7383,Ümit Erdik,,D0,R3,H0,Etkinlik Yok,1.000 -1.999 TL,0-99,Orta,,,,,,BEBEK KASAP STEAKHOUSE,BEBEK KASAP,Kebap,BESIKTAS,,CEVDETPASA CADDESI GERMENCIK SOKAK NO4B BEBEK MAHALLESI BESIKTAS ISTANBUL,'41.07787590,'29.04359300,C,yok,2019-04-17,C,2025-04-25 11:23:07,YAZ - KIS,66.3543,64.6736
969995,Alaf 2tek,R2-B,191,5472,969995,1451157,969995,,,1003053,389,Reserve Kanal Md.,Reserve Istanbul Lokal,Istanbul Avrupa,BESIKTAS,TRADITIONAL,34064055AI,S2,D5,Presell Reserve Istanbul Lokal Kayikçi Bölgesi,2773,Reserve Istanbul LokalPersonel,8163,Reserve Ist Lokal Saha Müdürü,,D0,R2,H0,Etkinlik Yok,500-999 TL,0-99,Yüksek,,,,,,ALAF SOKAK YEME IÇME HIZMETLERI SANAYI TIC. LTD. STI. ALAF 2 TEK,ALAF 2TEK,Kebap,BESIKTAS,471870669.0,KURUÇESME ARNAVUTKÖY CAD. NO:19B/ BESIKTAS ISTANBUL,'41.06032868,'29.03661340,C,Reserve,2020-02-04,B,2025-04-25 11:23:11,YAZ - KIS,77.089,72.911
1000012503,Goose No.25,D4-B,190,5473,1000012503,C1000012503,1000012503,,,1003053,389,Ulusal On-Trade Kanal MD.,Istanbul Modern OT,Istanbul Avrupa,BESIKTAS,MODERN,34064125AI,S3,D3,Presell On Ist.Mod Avr. Besiktas Merkez Bölgesi,2756,Beste Tunçay,7412,Selim Inal,,D4,R0,H0,Etkinlik Yok,500-999 TL,0-99,Orta,,,,,,BOS GRUP TURIZM GIDA ISL. SAN. TIC. AS.,GOOSE 25,Kokteyl Bar,BESIKTAS,1800447841.0,KURUÇESME MAH. ARNAVUTKÖY KURUÇESME CAD. NO:25/B,'41.06033302,'29.03655493,AB,yok,2020-09-04,A,2025-04-25 11:23:15,YAZ - KIS,89320.0,54905.0
969651,Alaf,R2-A,189,5474,969651,1448335,969651,,,1003053,389,Reserve Kanal Md.,Reserve Istanbul Lokal,Istanbul Avrupa,BESIKTAS,TRADITIONAL,34064056AI,S2,D2,Presell Reserve Istanbul Lokal Kayikçi Bölgesi,2773,Reserve Istanbul LokalPersonel,8163,Reserve Ist Lokal Saha Müdürü,,,R2,,,,,,,,,,,ALAF RESTORANT GIDA VE TURIZM HIZ.SAN.TIC.LTD.STI.,ALAF,Türk/Osmanli/Et ve Kebap Rest.,BESIKTAS,471870694.0,KURUÇESME ARNAVUTKÖY CAD. NO:19B BESIKTAS ISTANBUL,'41.06035029,'29.03662162,AB,Reserve,2020-02-04,A,2025-04-25 11:23:19,YAZ - KIS,99.7,83.31
1000020990,Ay Balik,R3-C,187,5475,1000020990,C1000020990,1000020990,,,1003053,389,Ulusal On-Trade Kanal MD.,Istanbul Heritage,Istanbul Avrupa,BESIKTAS,TRADITIONAL,3406004255AI,S3,D3,Presell On Ist.Tra Avr Besiktas Bölgesi,2757,Emre Odabas,7893,Ümit Erdik,,D0,R3,H0,Etkinlik Yok,500-999 TL,0-99,Düsük,,,,,,MAVI KÖSE GIDA TUR. VE DAY. YÜK. MALL. PAZ. TIC. LTD. STI.,AYBALIK,Balik,BESIKTAS,6130028740.0,,'41.06007466,'29.03631858,C,yok,2021-08-24,C,2025-04-25 11:23:23,YAZ - KIS,64.5254,63.1076
934682,Mayna Tekne Organizasyonu | Bogaz Turu ve Teknede Dugun,D5-C,186,5476,934682,923871,934682,,,1003053,389,Telesales Kanal Md.,Telesales OnTrade,Istanbul Avrupa,SARIYER,MODERN,34203527AI,S4,D4,Presell Kayikçi Telesell OnTrade Bölgesi,2654,Kayikçi Telesell Ontrade,7735,Telesell Sef,,D5,,,Etkinlik Var,500-999 TL,0-99,Orta,,,,,,ROYALYAT TURIZM GIDA SANAYI TICARET LTD. STI.,ROYAL YAT,Tekne-Event Hall-Catering,BESIKTAS,8590549659.0,KIREÇBURNU MAH. KIREÇ BAYIRI SOK. NO:15/1 SARIYER ISTANBUL,'41.05454110,'29.03358780,DE,yok,2018-04-09,C,2025-04-25 11:23:26,YAZ - KIS,,
964787,The Upper Crust Pizzeria Bebek,D4-A,185,5477,964787,1417404,964787,,,1003053,389,Ulusal On-Trade Kanal MD.,Istanbul Modern OT,Istanbul Avrupa,BESIKTAS,MODERN,34063938AI,S3,D4,Presell On Ist.Mod Avr. Besiktas Bogaz Bölgesi,2752,Eda Efe,8148,Selim Inal,,D4,,,Etkinlik Yok,0-499 TL,0-99,Yüksek,,,,,,SENEKA GIDA SANAYI VE TICARET LIMITED SIRKETI,THE UPPER CRUST PIZ,Fine Dining (D.Mutf-Sar.Evi),BESIKTAS,7610494454.0,BEBEK MAHALLESI KÜÇÜKBEBEK CADDESI NO:6/1/2/3/4 BESIKTAS ISTANBUL,'41.07892000,'29.04523300,AB,yok,2019-04-26,A,2025-04-25 11:23:29,YAZ - KIS,91.0219,58.1903
836622,Taps Bebek,D3-B,181,5478,836622,C183858,836622,,,1003053,389,Ulusal On-Trade Kanal MD.,Istanbul Modern OT,Istanbul Avrupa,BESIKTAS,MODERN,34061230AI,S1,D1,Presell On Ist.Mod Avr. Besiktas Bogaz Bölgesi,2752,Eda Efe,8148,Selim Inal,,D3,,,Etkinlik Yok,0-499 TL,100-199,Düsük,,,,,,TAPS OSMAN KAYAHAN GÖLTEPE,TAPS BEBEK,Modern Pub & Bistro,BESIKTAS,4070230360.0,CAVDETPASA CAD. NO:119 BEBEK BESIKTAS ISTANBUL,'41.08011900,'29.05086300,AB,yok,2006-10-19,B,2025-04-25 11:23:33,YAZ - KIS,80.0046,65.4153
706873,Boğazda Balık Restoran,R2-B,178,5479,706873,C706873,706873,,,1003053,389,Ulusal On-Trade Kanal MD.,Istanbul Heritage,Istanbul Avrupa,SARIYER,TRADITIONAL,3420004359AI,S3,D4,Presell On Ist.Tra Avr Sariyer Bölgesi,2762,Samet Sahin,7377,Ümit Erdik,,,R2,H0,Etkinlik Yok,1.000 -1.999 TL,200-399,Orta,,,,,,Bogaziçi lokantasi Limited Sirketi-Bogazda Balik,Bogazda balik ,Balik,SARIYER,7350168922.0,Büyükdere mahallesi piyasa caddesi No:13,'41.16251760,'29.04774060,C,yok,2023-06-13,B,2025-04-25 11:23:36,YAZ - KIS,77.8648,75.1483
933444,Rumeli Balikcisi,R2-B,172,5480,933444,843436,933444,,,1003053,389,Ulusal On-Trade Kanal MD.,Istanbul Heritage,Istanbul Avrupa,SARIYER,TRADITIONAL,34203572AI,S3,D4,Presell On Ist.Tra Avr Etiler Bölgesi,2763,Volkan Çinar,7383,Ümit Erdik,,,R2,,Etkinlik Yok,1.000 -1.999 TL,0-99,Düsük,,,,,,VPAR TURIZM YATIRIM DENIZCILIK VE TIC. LTD.STI.,RUMELI BALIKÇISI,Balik,SARIYER,9250512641.0,YAHYA KEMAL CAD. NO:22/1 RUMELI HISARI  SARIYER ISTANBUL,'41.08676594,'29.05684392,AB,yok,2018-05-09,B,2025-04-25 11:23:40,YAZ - KIS,79.5099,76.8474
859680,Kuruçeşme Balık,R2-A,166,5481,859680,C158737,859680,,,1003053,389,Ulusal On-Trade Kanal MD.,Istanbul Heritage,Istanbul Avrupa,BESIKTAS,TRADITIONAL,34063777AI,S3,D4,Presell On Ist.Tra Avr Besiktas Bölgesi,2757,Emre Odabas,7893,Ümit Erdik,,,R2,,Etkinlik Yok,500-999 TL,0-99,Orta,,,,,,DEMASA KURUÇESME BALIK TUR. GIDA INS. VE TIC.LTD.STI.,KURUÇESME BALIK,Balik,BESIKTAS,2740639754.0,KURUÇESME CAD. NO:9 KURUÇESME MAH. BESIKTAS ISTANBUL,'41.05992500,'29.03622100,AB,yok,2018-04-05,A,2025-04-25 11:23:43,YAZ - KIS,92.5176,79.3039
828116,inari Omakase Kuruçeşme,D1-A,162,5482,828116,284439,828116,,,1003053,389,Ulusal On-Trade Kanal MD.,Istanbul Modern OT,Istanbul Avrupa,BESIKTAS,MODERN,3406004187AI,S1,D1,Presell On Ist.Mod Avr. Besiktas Merkez Bölgesi,2756,Beste Tunçay,7412,Selim Inal,,D1,,,,,,,,,,,,THE HOST GROUP GIDA TURIZM TICARET AS,INARI OMAKASE,Fine Dining (D.Mutf-Sar.Evi),BESIKTAS,380481532.0,KURUÇESME MAH. ARNAVUTKÖY KURUÇESME CAD. NO:11 BESIKTAS ISTANBUL,'41.06003638,'29.03620419,AB,yok,2021-03-23,A,2025-04-25 11:23:47,YAZ - KIS,99.901,100.0
701660,inari Omakase Kuruçeşme,D1-A,162,5483,701660,C701660,701660,,,1003053,389,Ulusal On-Trade Kanal MD.,Istanbul Modern OT,Istanbul Avrupa,BESIKTAS,MODERN,3406004388AI,S2,D1,Presell On Ist.Mod Avr. Besiktas Bogaz Bölgesi,2752,Eda Efe,8148,Selim Inal,,D1,R0,H0,Etkinlik Var,1.000 -1.999 TL,200-399,Orta,,,,,,THE HOST GROUP TUR TIC A.S,INARI PIKU ETILER,Fine Dining (D.Mutf-Sar.Evi),BESIKTAS,380481532.0,Etiler mah. Nispetice cad. No 89,'41.08062339,'29.03395403,A+,yok,2022-10-20,A,2025-04-25 11:23:51,YAZ - KIS,97.986,92.918
1000025817,Frontiere İstanbul,D4-A,161,5484,1000025817,C1000025817,1000025817,,,1003053,389,Ulusal On-Trade Kanal MD.,Istanbul Modern OT,Istanbul Avrupa,SARIYER,MODERN,3406004281AI,S3,D3,Presell On Ist.Mod Avr. Besiktas Bogaz Bölgesi,2752,Eda Efe,8148,Selim Inal,,D4,,,Etkinlik Yok,500-999 TL,100-199,Düsük,,,,,,NANNY GIDA SAN. VE TIC. LTD STI.,MAKI BEBEK,Modern Pub & Bistro,SARIYER,6290551470.0,BEBEK CEVDETPASA NO: 39A/-BESIKTAS ISTANBUL,'41.07574145,'29.04291937,AB,yok,2021-12-02,A,2025-04-25 11:23:55,YAZ - KIS,93.7378,58.741
927921,Masa Restaurant,D1-A,161,5485,927921,64788146819,927921,,,1003053,389,Ulusal On-Trade Kanal MD.,Hospitality,Istanbul Avrupa,SARIYER,MODERN,34203294AI,S4,D4,Presell On Hospitality Avrupa2 Kayikçi Bölgesi,2536,Hospitalty Yedek 1,8072,ST Yöneticisi 7 ,,D1,,,Etkinlik Yok,500-999 TL,400+,Yüksek,,,,,,BOGAZIÇI BORSA LOKANTACILIK ISL. SAN. TIC. A.S.,Dream-MASA,Fine Dining (D.Mutf-Sar.Evi),MECIDIYEKÖY,1790619643.0,PINAR MAH. KATAR CAD. NO:11/486 A1 SARIYER ISTANBUL,'41.11022164,'29.03124279,A+,Dream,2017-01-18,A,2025-04-25 11:23:59,YAZ - KIS,93.0978,90.9122
713248,CLOVE Restaurant,D4-B,158,5486,713248,C713248,713248,,,1003053,389,Reserve Kanal Md.,Reserve Istanbul 1,Istanbul Avrupa,SARIYER,MODERN,3420004410AI,S3,D3,Presell Reserve Ist. 1 Kayikçi Bölgesi,2542,Reserve Istanbul 1 Personel,7387,Reserve Istanbul 1 Saha Müdürü,,D3,R0,H0,Etkinlik Yok,1.000 -1.999 TL,100-199,Düsük,,,,,,SORORIA RESTORANLARI TURIZM SANAYI VE TICARET ANONIM SIRKETI,CLOVE,Fine Dining (D.Mutf-Sar.Evi),SARIYER,7750932704.0,Pinar mahallesi katar caddesi no:11/488,'41.10959980,'29.03292990,C,Reserve,2024-01-16,A,2025-04-25 11:24:02,YAZ - KIS,90.0,69.0
620255,Akıntı Burnu,R1-A,154,5487,620255,C183570,620255,,,1003053,389,Ulusal On-Trade Kanal MD.,Istanbul Heritage,Istanbul Avrupa,BESIKTAS,TRADITIONAL,34061888AI,S3,D4,Presell On Ist.Tra Avr Besiktas Bölgesi,2757,Emre Odabas,7893,Ümit Erdik,,,R1,,Etkinlik Yok,500-999 TL,100-199,Orta,,,,,,AKINTI BURNU GIDA VE INSAAT TIC.LTD.STI,AKINTI BURNU,Balik,BESIKTAS,280451858.0,ARNAVUTKÖY 1. CADDE NO:115  BESIKTAS /IST ,'41.06811520,'29.04575070,A+,yok,2010-05-12,A,2025-04-25 11:24:06,YAZ - KIS,90.5691,90.1551
132333,DOLPHIN BALIK RESTAURANT ( SARIYER BALIK RESTAURANT),R2-C,154,5488,132333,C183336,132333,,,1003053,389,Ulusal On-Trade Kanal MD.,Istanbul Heritage,Istanbul Avrupa,SARIYER,TRADITIONAL,34201996AI,S2,D4,Presell On Ist.Tra Avr Sariyer Bölgesi,2762,Samet Sahin,7377,Ümit Erdik,,D0,R2,H0,Etkinlik Yok,500-999 TL,200-399,Orta,,,,,,ÖZKAN YILAN-DOLPHIN CLASS RESTAURANT,DOLPHIN CLASS RESTA,Balik,SARIYER,9530271355.0,YENI MAHALLE CAD. CAMII ARKASI SK.NO:5 SARIYER/ISTANBUL,'41.16860530,'29.05768030,AB,yok,2013-04-15,C,2025-04-25 11:24:09,YAZ - KIS,66.4326,76.7588
673819,ÖZ KANATÇI KARDEŞLER,R2-C,154,5489,673819,457431175158,673819,,,1003053,389,Ulusal On-Trade Kanal MD.,Istanbul Heritage,Istanbul Avrupa,SARIYER,TRADITIONAL,34201157AI,S3,D4,Presell On Ist.Tra Avr Sariyer Bölgesi,2762,Samet Sahin,7377,Ümit Erdik,,,R2,,Etkinlik Yok,0-499 TL,100-199,Orta,,,,,,KANATÇI KARDESLER LOKANTA TURIZM VE TIC LTD STI,ÖZKANATÇI KARDESLER,Kebap,SARIYER,4950366092.0,,'41.16168224,'29.04655909,C,yok,2007-03-08,C,2025-04-25 11:24:13,YAZ - KIS,66.5409,76.837
1000022335,Delta Hotels Istanbul Levent,H2,152,5490,1000022335,C1000022335,1000022335,,,1003053,389,Ulusal On-Trade Kanal MD.,Istanbul Modern OT,Istanbul Avrupa,BESIKTAS,HOTEL,3421006432AI,S3,D3,Presell On Ist.Mod Avr. Besiktas Bogaz Bölgesi,2752,Eda Efe,8148,Selim Inal,,,,H2,,500-999 TL,,Orta,Hayir,Evet,4,,10K-50K,CABA INS. ENERJI TURZ.SAN.VE TIC. A.S ISTANBUL SUBESI,DELTA HOTEL BY MARRIOT,"Banket, Event, Etkinlik Oteli",ZINCIRLIKUYU,1960744525.0,ESENTEPE MAHALLESI BUYUKDERE CADDESI. NO : 187/1,'41.07884278,'29.01191465,AB,yok,2021-10-13,,2025-04-25 11:24:16,YAZ - KIS,,
848626,Ioki İstinye,D5-B,152,5505,848626,439365,848626,TAPDK Ruhsati Yok (2023),28.0,1003053,389,Telesales Kanal Md.,Telesales OnTrade,Istanbul Avrupa,SARIYER,MODERN,34201850AI,S5,D2,Presell Kayikçi Telesell OnTrade Bölgesi,2654,Kayikçi Telesell Ontrade,7735,Telesell Sef,,D5,,,Etkinlik Yok,500-999 TL,100-199,Orta,,,,,,DOME RESTAURANT ISLETMELERI SAN. VE TIC.LTD.STI.,IOKI,Uzak Dogu Mutfagi,SARIYER,3100584797.0,ISTINYE MAH. ABC PLAZA YOLU NO:105/C SARIYER ISTANBUL,'41.12118400,'29.03872700,DE,yok,2012-04-24,B,2025-04-25 11:28:20,,,
927860,Zuma Restaurant,D3-A,150,5491,927860,1071575,927860,,,1003053,389,Ulusal On-Trade Kanal MD.,Hospitality,Istanbul Avrupa,SARIYER,MODERN,34203293AI,S4,D4,Presell On Hospitality Avrupa2 Kayikçi Bölgesi,2536,Hospitalty Yedek 1,8072,ST Yöneticisi 7 ,,D3,,,Etkinlik Var,500-999 TL,400+,Yüksek,,,,,,ZUMA TURIZM VE GIDA PAZ. A.S.,Dream-ZUMA,Fine Dining (D.Mutf-Sar.Evi),MECIDIYEKÖY,9990471902.0,PINAR MAH. KATAR CAD. NO:11/461 A1 ISTINYE PARK A.V.M. SARIYER ISTANBUL,'41.10992601,'29.03134000,AB,Dream,2017-01-18,A,2025-04-25 11:24:23,YAZ - KIS,94.6679,66.4282
1000012385,Seven Kuruçeşme,D4-B,142,5506,1000012385,C1000012385,1000012385,TAPDK Ruhsati Yok (2023),28.0,1003053,389,Ulusal On-Trade Kanal MD.,Istanbul Modern OT,Istanbul Avrupa,BESIKTAS,MODERN,34064124AI,S3,D2,Presell On Ist.Mod Avr. Besiktas Merkez Bölgesi,2756,Beste Tunçay,7412,Selim Inal,,D4,,,Etkinlik Yok,500-999 TL,0-99,Düsük,,,,,,SKK TURIZM YATIRIMI VE ISL. A.S.,seven ,Dünya Mutfagi,BESIKTAS,4230028641.0,KURUÇESME MAH. ARNAVUTKÖY KURUÇESME CAD. NO:7,'41.05986500,'29.03602800,AB,yok,2020-09-03,B,2025-04-25 11:28:23,,,
700758,Alexandra Cocktail Bar,D3-A,141,5492,700758,C700758,700758,,,1003053,389,Ulusal On-Trade Kanal MD.,Istanbul Modern OT,Istanbul Avrupa,BESIKTAS,MODERN,3406004332AI,S3,D3,Presell On Ist.Mod Avr. Besiktas Bogaz Bölgesi,2752,Eda Efe,8148,Selim Inal,,D3,,,Etkinlik Var,500-999 TL,0-99,Orta,,,,,,Arnavutköy otel islet. Turizm yatirimlari san ve tic as,Alexandra coctail bar,Kokteyl Bar,BESIKTAS,800330026.0,Arnavutköy mah bebek Arnavutköy cad no50/ A Besikas Istanbul ,'41.06756043,'29.04359993,A+,yok,2022-04-21,A,2025-04-25 11:24:30,YAZ - KIS,92.9681,65.6411
898185,Sur Balık Restoran Arnavutköy,R1-A,141,5493,898185,216590,898185,,,1003053,389,Ulusal On-Trade Kanal MD.,Istanbul Heritage,Istanbul Avrupa,BESIKTAS,TRADITIONAL,34063411AI,S3,D4,Presell On Ist.Tra Avr Besiktas Bölgesi,2757,Emre Odabas,7893,Ümit Erdik,,,R1,,Etkinlik Yok,1.000 -1.999 TL,200-399,Yüksek,,,,,,SUR RETORAN ISLETMECILIGI VE TIC ANONIM SIRKETI-SUR BALIK,SUR BALIK,Balik,MECIDIYEKÖY,7840307977.0,ARNAVUTKÖY MAH.BEBEK ARNAVUTKÖY CAD.NO:50 SISLI ISTANBUL,'41.06721000,'29.04375600,AB,yok,2015-06-10,A,2025-04-25 11:24:34,YAZ - KIS,93.8149,93.4228
701678,livar balık evi,R3-C,138,5494,701678,433872177083,701678,,,1003053,389,Ulusal On-Trade Kanal MD.,Istanbul Heritage,Istanbul Avrupa,BESIKTAS,TRADITIONAL,3406004331AI,S3,D4,Presell On Ist.Tra Avr Besiktas Bölgesi,2757,Emre Odabas,7893,Ümit Erdik,,,R3,,Etkinlik Yok,500-999 TL,0-99,Orta,,,,,,Fatih saki,Livar Balik,Balik,BESIKTAS,,Arnavutköy mah bebek Arnavutköy caddesi no 38 Besktas istanbul,'41.06727198,'29.04339708,C,yok,2022-04-21,C,2025-04-25 11:24:37,YAZ - KIS,66.0635,64.1603
856966,Barboon by Atlas Balık,R2-A,136,5495,856966,503596,856966,,,1003053,389,Ulusal On-Trade Kanal MD.,Istanbul Heritage,Istanbul Avrupa,BESIKTAS,TRADITIONAL,34062304AI,S3,D4,Presell On Ist.Tra Avr Besiktas Bölgesi,2757,Emre Odabas,7893,Ümit Erdik,,D0,R2,H0,Etkinlik Yok,1.000 -1.999 TL,100-199,Orta,,,,,,ATLAS BALIK RESTAURANT TURIZM GIDA SANAYI VE TICARET ANONIM SIRKETI,ATLAS BALIK RESTAUR,Balik,BESIKTAS,1020423229.0,ARNAVUTKÖY MAH. ARNAVUTKÖY BEBK CAD. NO:68/A BESIKTAS ISTANBUL,'41.06731600,'29.04449600,C,yok,2012-11-12,A,2025-04-25 11:24:41,YAZ - KIS,90.6534,77.527
854542,Mezzaluna,D2-A,135,5507,854542,484841,854542,TAPDK Ruhsati Yok (2023),28.0,1003053,389,Ulusal On-Trade Kanal MD.,Hospitality,Istanbul Avrupa,SARIYER,MODERN,34201254AI,S4,D4,Presell On Hospitality Avrupa2 Kayikçi Bölgesi,2536,Hospitalty Yedek 1,8072,ST Yöneticisi 7 ,,D2,,,Etkinlik Yok,500-999 TL,400+,Yüksek,,,,,,MEZZALUNA GIDA ISLETMECILIK SAN. VE TIC. A.S.,Dream-MEZZALUNA ISTINYEPA,Fine Dining (D.Mutf-Sar.Evi),MASLAK,6200052594.0,SEYRANTEPE MAH. I.K.OGLANOGLU CAD. NO:95/K 1 KAGITHANE ISTANBUL,'41.11014049,'29.03281409,A+,Dream,2007-12-06,A,2025-04-25 11:28:27,,,
